{"is_source_file": false, "format": "", "description": "", "external_files": [], "external_methods": [], "published": [], "classes": [], "methods": [], "calls": [], "search-terms": [], "state": 2, "file_id": 1, "knowledge_revision": 15, "git_revision": "978c0bfc66f296c1d959d7a8b546024c02f22cb9", "hash": "19b442d65721f1c59785f016deb73a8c", "format-version": 4, "code-base-name": "tic_tac_toe_frontend", "filename": "README.md", "revision_history": [{"15": "978c0bfc66f296c1d959d7a8b546024c02f22cb9"}]}