{"is_source_file": false, "format": "CSS", "description": "The file defines style rules for the body and code elements in a web page, setting font families and smoothing properties.", "external_files": [], "external_methods": [], "published": [], "classes": [], "methods": [], "calls": [], "search-terms": ["index.css", "CSS styles", "font-family", "body styles", "code styles"], "state": 2, "file_id": 12, "knowledge_revision": 23, "git_revision": "5090efd6b5b1f0bfe4aa877cfc9e3fe8f5499ef3", "hash": "6c2104b8d219ed99234ae2d6329f4357", "format-version": 4, "code-base-name": "tic_tac_toe_frontend", "filename": "tic_tac_toe_frontend/src/index.css", "revision_history": [{"23": "5090efd6b5b1f0bfe4aa877cfc9e3fe8f5499ef3"}]}