{"is_source_file": false, "format": "JSON", "description": "", "external_files": [], "external_methods": [], "published": [], "classes": [], "methods": [], "calls": [], "search-terms": [], "state": 2, "file_id": 3, "knowledge_revision": 16, "git_revision": "5090efd6b5b1f0bfe4aa877cfc9e3fe8f5499ef3", "hash": "d9d975cebe2ec20b6c652e1e4c12ccf0", "format-version": 4, "code-base-name": "tic_tac_toe_frontend", "filename": "tic_tac_toe_frontend/public/manifest.json", "revision_history": [{"16": "5090efd6b5b1f0bfe4aa877cfc9e3fe8f5499ef3"}]}