{"is_source_file": false, "format": "", "description": "", "external_files": [], "external_methods": [], "published": [], "classes": [], "methods": [], "calls": [], "search-terms": [], "state": 2, "file_id": 5, "knowledge_revision": 19, "git_revision": "5090efd6b5b1f0bfe4aa877cfc9e3fe8f5499ef3", "hash": "be6538e7523bc2e9da0743133d784136", "format-version": 4, "code-base-name": "tic_tac_toe_frontend", "filename": "tic_tac_toe_frontend/eslint.config.mjs", "revision_history": [{"19": "5090efd6b5b1f0bfe4aa877cfc9e3fe8f5499ef3"}]}