{"is_source_file": true, "format": "JavaScript", "description": "A test setup file for configuring Jest with custom DOM matchers using '@testing-library/jest-dom'. It imports the jest-dom library to extend Jest's assertions for testing DOM nodes.", "external_files": ["@testing-library/jest-dom"], "external_methods": [], "published": [], "classes": [], "methods": [], "calls": ["import '@testing-library/jest-dom'"], "search-terms": ["setupTests", "jest-dom", "testing-library"], "state": 2, "file_id": 7, "knowledge_revision": 22, "git_revision": "5090efd6b5b1f0bfe4aa877cfc9e3fe8f5499ef3", "ctags": [], "hash": "1a77571e1a8cf36018a41bcedf60db75", "format-version": 4, "code-base-name": "tic_tac_toe_frontend", "filename": "tic_tac_toe_frontend/src/setupTests.js", "revision_history": [{"22": "5090efd6b5b1f0bfe4aa877cfc9e3fe8f5499ef3"}]}