{"is_source_file": true, "format": "JavaScript", "description": "This is the main entry point for a React-based web application, responsible for rendering the root component into the DOM.", "external_files": ["react", "react-dom/client", "./index.css", "./App"], "external_methods": ["ReactDOM.createRoot", "root.render"], "published": ["React", "ReactDOM"], "classes": [], "methods": [{"name": "ReactDOM.createRoot", "description": "Creates a React root for rendering components."}, {"name": "root.render", "description": "Renders the specified React element into the DOM."}], "calls": ["ReactDOM.createRoot", "root.render"], "search-terms": ["React", "ReactDOM", "index.js", "main entry point", "render", "root component"], "state": 2, "file_id": 9, "knowledge_revision": 25, "git_revision": "5090efd6b5b1f0bfe4aa877cfc9e3fe8f5499ef3", "ctags": [{"_type": "tag", "name": "root", "path": "/home/kavia/workspace/code-generation/tic-tac-toe-web-game-213851-213865/tic_tac_toe_frontend/src/index.js", "pattern": "/^const root = ReactDOM.createRoot(document.getElementById('root'));$/", "language": "JavaScript", "kind": "constant"}], "hash": "9fc5841375336fc175b49f8767a11383", "format-version": 4, "code-base-name": "tic_tac_toe_frontend", "filename": "tic_tac_toe_frontend/src/index.js", "revision_history": [{"25": "5090efd6b5b1f0bfe4aa877cfc9e3fe8f5499ef3"}]}