{"is_source_file": false, "format": "", "description": "", "external_files": [], "external_methods": [], "published": [], "classes": [], "methods": [], "calls": [], "search-terms": [], "state": 2, "file_id": 6, "knowledge_revision": 17, "git_revision": "5090efd6b5b1f0bfe4aa877cfc9e3fe8f5499ef3", "hash": "d001d53c059625c4bcf75bf5a7f3fcf0", "format-version": 4, "code-base-name": "tic_tac_toe_frontend", "filename": "tic_tac_toe_frontend/package.json", "revision_history": [{"17": "5090efd6b5b1f0bfe4aa877cfc9e3fe8f5499ef3"}]}