{"is_source_file": true, "format": "JavaScript (React JSX)", "description": "This file defines the main React component for a web application, managing theme toggling between light and dark modes. It imports React functionalities, manages state with useState and updates the DOM with useEffect, and renders a UI with a toggle button, logo, and links.", "external_files": ["./logo.svg", "./App.css"], "external_methods": [], "published": ["App"], "classes": [], "methods": [{"name": "App()", "description": "Main React component that manages theme state and renders UI elements.", "scope": "", "scopeKind": ""}, {"name": "toggleTheme", "description": "Function to switch theme between 'light' and 'dark'."}], "calls": ["document.documentElement.setAttribute", "setTheme", "useState", "useEffect"], "search-terms": ["React component", "theme toggle", "useState", "useEffect", "App.js", "React JSX"], "state": 2, "file_id": 8, "knowledge_revision": 24, "git_revision": "5090efd6b5b1f0bfe4aa877cfc9e3fe8f5499ef3", "ctags": [{"_type": "tag", "name": "App", "path": "/home/kavia/workspace/code-generation/tic-tac-toe-web-game-213851-213865/tic_tac_toe_frontend/src/App.js", "pattern": "/^function App() {$/", "language": "JavaScript", "kind": "function", "signature": "()"}, {"_type": "tag", "name": "Switch to ${theme === 'light' ? 'dark' : 'light'} mode", "path": "/home/kavia/workspace/code-generation/tic-tac-toe-web-game-213851-213865/tic_tac_toe_frontend/src/App.js", "pattern": "/^          aria-label={`Switch to ${theme === 'light' ? 'dark' : 'light'} mode`}$/", "language": "JavaScript", "kind": "field", "scope": "App.aria", "scopeKind": "class"}, {"_type": "tag", "name": "toggleTheme", "path": "/home/kavia/workspace/code-generation/tic-tac-toe-web-game-213851-213865/tic_tac_toe_frontend/src/App.js", "pattern": "/^          onClick={toggleTheme}$/", "language": "JavaScript", "kind": "field", "scope": "App.onClick", "scopeKind": "class"}], "hash": "b55dd9e6a018e59207d8e277dffd9e11", "format-version": 4, "code-base-name": "tic_tac_toe_frontend", "filename": "tic_tac_toe_frontend/src/App.js", "fields": [{"name": "aria-label={`Switch to ${theme === 'light' ? 'dark' : 'light'} mode`}", "scope": "App.aria", "scopeKind": "class", "description": "unavailable"}, {"name": "onClick={toggleTheme}", "scope": "App.onClick", "scopeKind": "class", "description": "unavailable"}], "revision_history": [{"24": "5090efd6b5b1f0bfe4aa877cfc9e3fe8f5499ef3"}]}